title,source,description
US coronavirus update: Number of cases exceed 1 million - CNN,cnn,The coronavirus pandemic has impacted nearly every facet of American life. Follow here for the latest news.
The great opening-up gamble is about to begin,cnn,This is one moment when the tired metaphor of world leaders being at war with Covid-19 might actually be apt.
Meat plant workers to Trump: Employees aren't going to show up,cnn,Meat processing plant workers are concerned about President Donald Trump's executive order that compels plants to remain open during the coronavirus pandemic.
FAA looking into a runway incident involving Harrison Ford,cnn,Harrison Ford is speaking out about a runway incident at a California airport last week.
Trump tries to backtrack on testing claim. See what really happened. - CNN Video,cnn,President Donald Trump falsely claims that he didn't say the US will get to 5 million daily coronavirus tests soon. CNN's Brooke Baldwin and Dr. Sanjay Gupta replay that tape.
"Fauci expresses optimism about 'significant, positive' data from a trial of the possible Covid-19 treatment remdesivir",cnn,"New data suggests patients with severe Covid-19 who took remdesivir could recover faster than patients who didn't take it, the National Institute of Allergy and Infectious Diseases said Wednesday."
"US could be in for 'a bad fall and a bad winter' if it's unprepared for a second wave of coronavirus, Fauci warns",cnn,"A second round of the coronavirus is 'inevitable,' the nation's leading epidemiologist says, but just how bad it is will depend on the progress the US makes in the coming months."
Gov. Andrew Cuomo: This is turning into a political brawl - CNN Video,cnn,Gov. Andrew Cuomo (D-NY) comments on the difficulties some states face around obtaining federal funding for coronavirus relief.
Coronavirus pandemic: Updates from around the world - CNN,cnn,"The global coronavirus pandemic has brought countries to a standstill. Here are the latest updates on worldwide Covid-19 cases, deaths, government responses, and more."
Stock market news today: Dow and S&P 500 updates - CNN,cnn,Investors continue to worry about the coronavirus pandemic's impact on the economy. Here's what's moving markets today.
Pelosi announces Democratic members for panel to oversee pandemic response,cnn,House Speaker Nancy Pelosi announced on Wednesday the Democratic members who will serve on a newly established oversight panel with broad authority to oversee the federal response to the coronavirus pandemic.
FEMA prepares to send protective gear to nursing homes,cnn,"The Federal Emergency Management Agency is preparing to send personal protective equipment to nursing homes, which have struggled to obtain gear weeks into the pandemic as the death toll climbs."
Opinion: Pence unmasked shows his obedience to Trump,cnn,"Michael D'Antonio writes that Vice President Mike Pence's decision to visit the Mayo Clinic without a mask, despite requirements to do so, shows that he has been fully corrupted by President Donald Trump. By choosing to go against guidelines in the midst of a global coronavirus pandemic, Pence is displaying a lack of leadership that one would not expect from someone with 30 years of experience in public service."
Drug has 'clear cut' power to fight coronavirus,bbc-news,"The data on its effect on symptoms comes from a trial of more than 1,000 patients in the US."
Coronavirus updates: US confirms one million cases,bbc-news,"More than 58,000 Americans have now died with Covid-19, more than were killed in the war in Vietnam."
US economy sinks 4.8% amid coronavirus shutdowns,bbc-news,The contraction in the world's largest economy is the most severe since the financial crisis of 2008.
'They risk their lives just to cut my hair',bbc-news,"Barber shops, tattoo parlours, beaches and restaurants reopen in Georgia."
My son's murderer doesn't deserve to die of virus,bbc-news,A mother in Argentina says she fears the asthmatic killer will not survive Covid-19 in jail.
'Crazy beast' lived among last of dinosaurs,bbc-news,The discovery that the badger-like animal lived alongside dinosaurs challenges ideas about mammals.
Kentucky governor calls Tupac Shakur to apologise,bbc-news,The governor was left red-faced after a very unlikely unemployment claim surfaced in the US state.
Inmate who gave birth on ventilator dies of Covid-19,bbc-news,The 30-year-old appears to be the the first US federal female prisoner to die from coronavirus.
Boris Johnson and fiancee announce birth of son,bbc-news,"Mother and baby are ""doing very well,"" says No 10, and the PM has returned to work in Downing Street."
Europe grapples with lifting limits on travel,bbc-news,"France plans to allow greater freedom, while Germany warns against worldwide travel before mid-June."
Coronavirus could affect international football for 'two or three years',bbc-sport,"Coronavirus could impact on the international football calendar for ""two or three years"", says Lars-Christer Olsson, of Uefa's executive committee."
Tour could go ahead as Vuelta cancels start,bbc-sport,The Tour de France could still go ahead despite more sanctions on mass gatherings by the French government.
Ligue 1: Neymar & Mbappe's future and how will positions be decided?,bbc-sport,Who will qualify for Europe? Who will go down? Could Kylian Mbappe and Neymar leave PSG?
Jameis Winston: Quarterback signs for New Orleans Saints,bbc-sport,Quarterback Jameis Winston - who was replaced by Tom Brady at the Tampa Bay Buccaneers - signs a contract with the New Orleans Saints.
Project Restart: How realistic is Premier League plan to resume season?,bbc-sport,"When Premier League club executives meet on Friday they will do so amid mounting unease over whether the season can resume at all, writes BBC sports editor Dan Roan."
What was the best Champions League semi-final? Vote for your favourite,bbc-sport,"On what should be Champions League semi-final week, BBC Sport take a look at some of the best last-four ties and want you to vote for your favourite."
La Liga plans training return as soon as possible after government go-ahead,bbc-sport,La Liga is working towards its clubs returning to training as soon as possible after being given the green light by the Spanish government.
UK Athletics hands over Salazar report,bbc-sport,UK Athletics has handed over the full 2015 report into the handling of the Alberto Salazar scandal to UK Anti-Doping following repeated requests.
The Hundred: Moeen Ali says tournament should be postponed until 2021,bbc-sport,England all-rounder Moeen Ali believes it would be the right decision for the launch of The Hundred to be postponed.
Man Utd to trial barrier seating at Old Trafford for 2020-21 season,bbc-sport,"Manchester United receive permission to install 1,500 barrier seats - standing with rails - at Old Trafford as a trial measure."
Merkel's Christian Democrats Play Hardball With Coalition's Future in Balance,bloomberg,
Trump Declines to Participate in House Impeachment Hearing,bloomberg,
Everything we know about the <em>Parks and Recreation</em> reunion episode,entertainment-weekly,"The beloved NBC sitcom 'Parks and Recreation' is returning to give an update on how the Pawnee parks department alumni are making it through the COVID-19 pandemic. Creator Mike Schur shares what to expect from the reunion, and how it all came together."
Viva 'La Vie Bohème'!: An oral history of the <em>Rent</em> Act 1 finale,entertainment-weekly,"The opposite of war isn't peace, it's creation."
Jeff Probst on if <em>Survivor</em> will make it to season 50,entertainment-weekly,The 'Survivor' host is not ready to commit to making it to the biggest anniversary season yet.
What to Watch on Wednesday: It's down to the Final 6 on <em>The Masked Singer</em>,entertainment-weekly,"The final six contestants face off on 'The Masked Singer,' and Hulu's 'Normal People' adaptation debuts."
AMC Theatres says it won't screen Universal films in wake of <em>Trolls World Tour</em> comments,entertainment-weekly,"AMC Theatres' CEO announced that the theater chain will no longer screen Universal's movies, after CEO Jeff Shell's comments regarding the VOD success of 'Trolls World Tour.'"
Watch the <em>Hollywood</em> cast talk their Golden Age series and Patti LuPone's basement,entertainment-weekly,"Darren Criss, Dylan McDermott, Patti LuPone, Jim Parsons, and more join EW's <em>Around the Table </em>series."
<em>Murder to Mercy</em>: What you didn't see in the Netflix documentary about Cyntoia Brown,entertainment-weekly,What Netflix's true-crime documentary 'Murder to Mercy' doesn't tell you about Cyntoia Brown.
Joe Mantegna says working with Madonna is like 'working with Godzilla' (in a good way!),entertainment-weekly,'Criminal Minds' star Joe Mantegna says working with Madonna is like 'working with Godzilla' — and he means it as a compliment!
Brett Favre says he thinks Aaron Rodgers won't finish career with Packers,espn,Hall of Famer Brett Favre thinks the Packers burned a bridge with quarterback Aaron Rodgers by drafting Jordan Love in the first round and that Rodgers won't finish his career with the team.
Dream Team architect Rod Thorn - Michael Jordan never discussed Isiah Thomas,espn,"Rod Thorn, who helped put together the Dream Team for the 1992 Olympics, said that Michael Jordan never spoke to him about leaving Isiah Thomas off the roster."
Jameis Winston - Drew Brees has always been there for me,espn,"New Saints quarterback Jameis Winston says that Drew Brees has always been there for him, so he's looking forward to learning from him."
"Serena Williams, Maria Sharapova among Mario Tennis entrants for $1M charity prize",espn,"Maria Sharapova, Serena Williams and Kevin Anderson are among the tennis stars who will take part in the ""Stay at Home Slam"" on Sunday, playing Mario Tennis Aces and competing for a $1 million prize for charity."
Las Vegas sportsbook sets line for Ravens' Lamar Jackson at 999.5 rushing yards,espn,"The over-under on the rushing total for Ravens QB Lamar Jackson for the 2020 regular season opened at 999.5 yards at Caesars Sportsbook, while his passing over-under opened at 3,199.5 yards."
Tom Brady 'All In Challenge' auction including dinner or workout nets $800K,espn,"Tom Brady will be going to dinner or working out with the winner of an All In Challenge package that also included tickets to a game and his jersey and cleats. The winning bid was $800,000."
2020 NFL draft instant-impact rookies - 15 picks from Mel Kiper,espn,"Clyde Edwards-Helaire will have a big role in Kansas City. But there are a few sleepers who could play early, too."
Will Daredevil Be in Spider-Man 3? Charlie Cox Addresses the Rumor - IGN,ign,"The rumor mill -- OK, more specifically, filmmaker and fanboy Kevin Smith -- claims that Daredevil may pop up in the forthcoming sequel to Spider-Man: Far From Home. But Charlie Cox, the actor who played Daredevil on the MCU Netflix series as well as The Defenders, said if the character is in the film it won't be played by him."
Airhead - Announcement Trailer - IGN,ign,"Metroid-style exploration/action game, Airhead, comes to PC, PS4, Switch, and Xbox One in 2021."
New Assassin's Creed Game Setting Being Revealed on Twitch - IGN,ign,Assassin's Creed's next setting - rumoured to be set around Vikings - is being revealed slowly on a stream.
Call of Duty: Modern Warfare's Massive 15 GB Update Is Hiding a Mystery - IGN,ign,Call of Duty: Modern Warfare has a new 15GB patch that adds fixes and a new mystery.
"Daily Deals: Score an HP OMEN RTX 2080 Ti Gaming PC for Under $1700, RTX 2080 Gaming Laptops for $1800 - IGN",ign,Supreme power with a not so supreme price tag
Oculus Rift | Oculus,ign,Oculus Rift is a virtual reality system that fully immerses you. Complete with touch controllers and two sensors for the ultimate VR experience. Learn more now.
Use Code &quot;DSPLYMBR&quot; to get 1 Year of PS Plus for $36.99,ign,
The 6 Most Anticipated Anime coming to Netflix in May and June - IGN,ign,"Netflix anime is heating up in the months of May and June with these hot anime titles streaming on the platform! Netflix will finally bring us the highly anticipated anime Dorohedoro in May, based on the hit manga series by Q Hayashida! In Dorohedoro, Kaiman (Caiman) and Nikaido hunt down the Sorcerers in the Hole, and now is your chance to binge this Netflix anime. And if you're a fan of manga, you'll likely be interested in Monthly Girls' Nozaki-kun, based on the four-panel manga entitled Gekkan Shoujo Nozaki-kun written and illustrated by Izumi Tsubaki. Scissor Seven season 2, known as Killer Seven in China, will rear its scissor-wielding head during the month of May, right off the heels of the smash hit of Scissor Seven season one.

The hit manga by Keisuke Itagaki, Grappler Baki (Baki the Grappler in North America) returns to Netflix anime streaming! Baki season 2 is likely one of the most anticipated anime shows returning to Netflix anime in the month of June. Baki Hanma and Mohammad Alai Jr will likely bud heads as they will inevitably compete for the love of Kozue Matsumoto in Baki season 2. Baki is just the tip of the iceberg in June, as Netflix will also serve up One Piece (East Blue and Alabasta story arcs) and Pokemon Journeys in June. Fans of the One Piece manga and anime are probably long overdue for a revisit to these two story arcs. 

Set sail for One Piece with Monkey D. Luffy and the Straw Hat Pirates as Netflix will be streaming both the East Blue arc and the Alabasta arc, seasons one and two of One Piece. If you were wondering when there would be a Pokémon Sword and Shield anime, Netflix anime has the answer for you come June. Pokemon Journeys: the Series will likely satisfy fans of the Pokemon the Series: Sun and Moon anime who were waiting to see where Ash Ketchum and Pikachu were headed next. Looks like we'll be finding out in Pokemon Journeys!"
The 25 Best Non-Superhero Comic Book Movies - IGN,ign,"These are the 25 best comic book movies without superheroes -- no tights, no capes, no powers, but great films! (Note: This list also includes movies that are based on comic strips.)"
PlayStation Plus Deal: Get a Year's PS Plus Subscription for $36.99 - IGN,ign,Save 38% off 12 months of PlayStation Plus.
Microsoft shares rise after the tech giant posts 15% growth,techcrunch,"Today Microsoft reported its third-quarter, fiscal 2020 quarter earnings, the period of time corresponding to Q1 2020 on the regular calendar. The technology giant generated $35 billion in revenue, up 15% from the year-ago period. That top line led to $13 billion in operating income (+25% YoY), and…"
Apple will make it easier to unlock your iPhone while wearing a face mask,techcrunch,Face ID was a great idea — until we all had to wear face masks.
Johns Hopkins launches COVID-19 Testing hub to provide public access to testing data,techcrunch,"The COVID-19 testing picture in the U.S. is far from easy to understand, given the disparate agencies and public and private health organizations involved. Johns Hopkins, building on its excellent work developing COVID-19 case tracking and basic information resources, has developed a new hub called…"
"Amazon to stream NFL's Thursday Night Football through 2022, plus one exclusive game each season",techcrunch,"The NFL’s Thursday Night Football is returning to stream on Amazon. The companies announced today they’ve again renewed their agreement which will allow Amazon Prime Video to offer a live, digital stream of Thursday Night Football to a global audience through the 2022 season. This time …"
Juul is reportedly laying off 800 to 950 employees,techcrunch,"Juul is set to eliminate between 800 to 950 jobs, according to a new report from The Wall Street Journal. Those massive cuts would amount to around a third of the Bay Area vaping giant’s entire workforce. While the news comes amid a deluge of layoff reports, Juul’s troubles are said not to be a [&h…"
Digging for dollar signs amid edtech's current momentum,techcrunch,"Edtech was long defined by stodgy sales cycles, sluggish adoption and splashy pitches to K-12 districts with tight budgets, but the COVID-19 pandemic turned that reputation on its head in short order. Now, companies in the space are entering Q2 — traditionally a slower time reserved for product dev…"
GM delays GMC Hummer EV debut,techcrunch,"GM said Wednesday that it will postpone its upcoming reveal of a GMC-branded electric Hummer due to the COVID-19 pandemic. The Hummer EV debut, which was scheduled to occur May 20, is the latest automotive event to be delayed in recent months due to COVID-19, the disease caused by the coronavirus. …"
Wise locks down $5.7 million to scale its challenger bank designed for small businesses,techcrunch,"Stripe and Shopify have transformed the face of commerce for small business users, yet when it comes to putting that cash somewhere, SMBs have found that the banking options aren’t quite as transformative. Wise is a new challenger bank built specifically for small businesses. The startup is a…"
Hackers hit Chegg for the third time since 2018,techcrunch,"Exclusive: The education company said hackers made off with employee records, including Social Security numbers."
Apple and Google release first seed of COVID-19 exposure notification API for contact tracing app developers,techcrunch,"Apple and Google have released the very first version of their exposure notification API, which they previously called the contact tracing API . This is a developer-focused release, and is a seed of the API in development with the primary intent of collecting feedback from developers who will be us…"
Fed Pledges Aggressive Action as Economic Distress Worsens,the-wall-street-journal,"Federal Reserve officials have announced lending programs but, with interest rates near zero, focus could turn to other tools"
U.S. Economy Shrank at 4.8% Pace in First Quarter,the-wall-street-journal,Gross domestic product recorded steepest contraction since the last recession
Stocks Rise on Hopes for Coronavirus Treatment,the-wall-street-journal,Investors weigh coronavirus treatment developments  while seeking Fed guidance on economic downturn
Boeing to Cut 10% of Workforce as Coronavirus Puts Brakes on Air Travel,the-wall-street-journal,Aerospace giant reacts to ‘body blow’ to business in mapping out reduced production
Miscalculation at Every Level Left U.S. Unequipped to Fight Coronavirus,the-wall-street-journal,"A shortfall in masks lays bare the blunders by hospitals, manufacturers and the federal government"
U.S. Puts Amazon Foreign Websites on List of Platforms Blamed for Facilitating Piracy,the-wall-street-journal,The Trump administration hit the company over intellectual-property rights
"Coronavirus Updates: Hertz Weighs Bankruptcy; GE, Boeing Cut Costs",the-wall-street-journal,"Hertz prepares for a possible bankruptcy filing after skipping lease payments to preserve cash. General Electric and Boeing plan big cost cuts as the aviation industry swoons. Follow along for the latest news and insights on the coronavirus's impact on investors, companies and economies."
Young Doctors Struggle to Treat Coronavirus Patients: ‘We Are Horrified and Scared’,the-wall-street-journal,Residents in training for other specialties must learn fast how to do procedures they were never trained for
Two Months That Tore Apart the Food Chain,the-wall-street-journal,"Grocery demand skyrocketed, restaurants shut their doors and distribution became exponentially more complex, resulting in the most dramatic shift in history"
The 16 Airlines Making Refunds a Headache,the-wall-street-journal,"Some carriers are doing right by their passengers forced to cancel trips, but these 16 are making it harder"
"Live updates: As ‘quarantine fatigue’ spreads, Fauci says second wave of coronavirus is ‘inevitable’",the-washington-post,The latest evidence proves that the novel coronavirus is much more lethal than the seasonal flu. New data shows “quarantine fatigue” is spreading around the United States.
Tracking U.S. coronavirus deaths and reported cases by state,the-washington-post,"The death toll from covid-19 began to rise steadily in early March, then more sharply as the disease spread to every state and most U.S. territories."
At home with your kids? Here’s the ultimate parents’ guide to education and activity resources.,the-washington-post,"Whether parents are looking to instruct, comfort or simply entertain, there’s something for them — and their kids — online."
How to turn your unwanted stuff into cash,the-washington-post,"Even during a pandemic, there are ways to sell household items, vintage clothes and more — thanks to the Internet."
What to watch on Wednesday: ‘Murder to Mercy: The Cyntoia Brown Story’,the-washington-post,"Wednesday, April 29, 2020 | “Normal People” premieres on Hulu."
Stress on health care workers is creating 'second victims' in the coronavirus pandemic,cnn,"The recent suicide of Dr. Lorna Breen, a New York City emergency room doctor who recovered from Covid-19, has highlighted the risks health care workers face to their emotional and psychological health, too."
"Public, private health labs may never be able to meet demand for coronavirus testing over supply chain shortages",cnn,"Public and private health laboratories throughout the United States and its territories are still unable to meet the demand for Covid-19 testing over supply shortages and may never be able to, even as the Trump administration rolled out a blueprint this week on ramping up testing across the country."
Laid-off workers may have to give up unemployment benefits as states reopen,cnn,"As businesses across the nation slowly begin to reopen, many laid-off workers face a difficult decision: Do they feel it's safe enough to return to their jobs?"
"eBay Q1 reports sales of $2.374B, active buyers up to 174M in wake of COVID-19",techcrunch,"After a quarter in which eBay, tussling with an activist investor, completed the sell-off of its ticketing business StubHub for $4 billion and saw appointed a new CEO after its previous one departed, while also weathering waves of surging demand and dodgy supply resulting from the COVID-19 pandemic…"
Facebook stock spikes despite 'significant reduction' in demand for ads,techcrunch,"The coronavirus pandemic is significantly slowing the growth of Facebook’s ads business, but investors seems pleased with the company’s performance in Q1 after Facebook released its earnings report Wednesday. The company beat Wall Street expectations on revenues, sharing that they had m…"
Russian PM tests positive for coronavirus,bbc-news,"Mikhail Mishustin, who got the role in January, is shown revealing his diagnosis on Russian TV."
Coronavirus updates: Drug trial hope for virus treatment,bbc-news,Clinical trials indicate Remdesivir can help some patients recover but full data is not yet published.
Has US tested more than rest of world combined?,bbc-news,President Trump has made several claims about coronavirus testing in the US - is he right?
Los Angeles offers free virus testing to residents,bbc-news,"It is the first major US city to offer free testing to all, even if people are showing no symptoms."
Musk v Zuckerberg on America's shutdown,bbc-news,"While the Facebook founder supports lockdown measures, Tesla's Elon Musk is increasingly sceptical."
Four US Amish children killed in buggy accident,bbc-news,The family were crossing a stream in Kentucky when their horse-drawn buggy got swept away.
Captain Tom's appeal tops £31m on 100th birthday,bbc-news,A host of tributes help the war veteran who has raised money for the NHS mark his 100th birthday.
Inside story of Spain's care home tragedy,bbc-news,"With 16,000 care home deaths linked to coronavirus, families want to know what went wrong."
Bollywood's romantic hero Rishi Kapoor dies,bbc-news,The star of dozens of films dies in hospital aged 67 after a two-year battle with leukemia.
Captain Tom celebrates 100th birthday,bbc-news,The war veteran who has raised more than £30 million for the NHS has celebrated his milestone birthday in style.
Glenn Murray: Brighton striker unsure about top-flight return,bbc-sport,"Brighton striker Glenn Murray says some proposed protocols around the Premier League's return to action are ""farcical""."
Ligue 1: Paris St-Germain awarded French title as season finished early,bbc-sport,Paris St-Germain are awarded the Ligue 1 title after it was announced the season would not resume because of the coronavirus pandemic.
Premier League restart: Liverpool mayor fears 'farcical' situation,bbc-sport,"Liverpool mayor Joe Anderson says resuming the Premier League is a ""non-starter"" and fears a ""farcical"" situation if fans congregate outside Anfield."
Virtual Madrid Open: Andy Murray & Kiki Bertens clinch titles,bbc-sport,Andy Murray wins the Madrid Open for a third time without even leaving the comfort of his sofa.
Top 14: French rugby union's top two divisions to be abandoned,bbc-sport,French rugby union’s top two divisions - the Top 14 and Pro D2 - will be abandoned because of the coronavirus pandemic.
Can you live with Lingard’s 40-minute workout?,bbc-sport,"Man Utd's Jesse Lingard presents a 40-minute workout with three rounds of four sets of exercises, including cardio, core and strength - and a bonus round if you can hack it!"
Captain Tom receives England cricket cap on 100th birthday,bbc-sport,"Ex-England captain Michael Vaughan presents Captain Tom Moore with an England cricket cap to ""make him an official member of the England team"" on his 100th birthday."
Chelsea ask foreign players to return to England by Sunday,bbc-sport,Chelsea ask their foreign players to return to England by Sunday in case the Premier League resumes soon.
"Jordan Cox: Ex-Hull KR & Warrington player dies, aged 27",bbc-sport,Former Hull KR and Warrington Wolves player Jordan Cox dies aged 27.
Americans are hoarding cash: Savings rate hits its highest level since 1981,cnn,Americans are so nervous about the state of the economy that they are stashing cash in the bank at a rate unseen since the early part of Ronald Reagan's first term as president.
Jared Kushner's tone-deaf coronavirus answer completely missed the mark,cnn,Presidential son-in-law Jared Kushner went on Fox News Wednesday to declare victory over coronavirus.
"Thank you for your service, Jared Kushner",cnn,"Peter Bergen writes that today we have a completely unreliable president and his feckless son-in-law as coronavirus czar prattling on about bringing more private sector efficiency to government. Meanwhile, Trump demands thanks from governors when he is just barely doing his job as president."
Trump and Kushner show depth of disconnect with Americans on the front lines,cnn,"It's fine for Jared Kushner to mock the ""eternal lockdown crowd"" worried about state openings -- he doesn't have to clock in at a meat factory, drive a bus or work in an emergency room."
Hundreds of people lined up outside of Vegas casino for food - CNN Video,cnn,"Laid-off workers are lining up in front of a Las Vegas casino to get food, as a result of the economic crisis caused by the coronavirus pandemic. CNN's Kyung Lah reports."
30 million Americans have filed initial unemployment claims since mid-March,cnn,"The coronavirus crisis continues to tear through the US economy, as another TK million Americans filed for first-time unemployment benefits last week, according to the Labor Department."
These universities say their students will return to campus in the fall,cnn,College campuses in at least four states are expected to reopen for students and faculty in the fall -- after dozens of universities across the US were forced to shutter their classrooms through the end of the semester.
<em>She-Ra</em> princesses prepare for the last battle in final season trailer,entertainment-weekly,The trailer for the fifth and final season of Netflix's 'She-Ra and the Princesses of Power' features the characters facing off against their scariest enemy yet. Watch it here first.
Jeff Probst weighs in on Kim's fateful <em>Survivor</em> food decision,entertainment-weekly,The host also celebrates the hilarity that is the Tony and Sarah alliance
<em>The Masked Singer</em> Astronaut reveals how he bent the truth to get on show,entertainment-weekly,"The latest eliminated contest tells EW about the hint from his clue package that ""got really out of hand."""
What to Watch on Thursday: <em>Parks and Rec</em> cast reunites for a special quarantine episode,entertainment-weekly,"The 'Parks and Rec' cast comes together (remotely) for a special reunion episode, and 'How to Get Away With Murder' explores Sam's past."
<em>Ramy</em> seeks out Mahershala Ali's spiritual guidance in season 2 trailer,entertainment-weekly,Watch two-time Oscar winner Mahershala Ali join Golden Globe winner Ramy Youssef on his Hulu series.
"Mädchen Amick teases <em>Riverdale</em> directorial debut, and what she learned from David Lynch",entertainment-weekly,"'Riverdale' star Madchen Amick tells EW about making her series directing debut on the season 4 finale, and what she learned from her 'mentor' David Lynch."
<em>Parks and Recreation</em> cast: Where are they now?,entertainment-weekly,<p>“No one achieves anything alone.”</p>
NASCAR goes green in May with seven races in 11 days,espn,"NASCAR released a revised schedule for May that includes seven races from May 17 through May 27, including four Cup races with two at Darlington Raceway and two at Charlotte Motor Speedway."
LeBron James retorts to shutdown chatter -- 'We would like to finish our season',espn,"LeBron James doesn't want to hear about canceling the 2019-20 NBA season, tweeting ""Nobody I know saying anything like that"" and that he and the Lakers are ready to play once it is safe to do so."
Brandin Cooks -- Being traded three times shows 'I'm wanted',espn,"New Texans wide receiver Brandin Cooks says he looks at being traded three times in his career ""as a positive that I'm wanted."""
Bengals releasing Andy Dalton after drafting Joe Burrow,espn,"The Bengals are releasing Andy Dalton, who served as the team's starting quarterback for the past nine seasons, a source told ESPN's Adam Schefter."
Cowboys give revered No. 88 to rookie receiver CeeDee Lamb,espn,"The Cowboys are hoping rookie CeeDee Lamb can follow in the footsteps of other star receivers to have worn No. 88 in Dallas -- Drew Pearson, Michael Irvin and Dez Bryant."
Source -- Bears reach one-year deal with free agent Ted Ginn Jr.,espn,"Veteran wide receiver and return specialist Ted Ginn, who ranks 25th in NFL history with 15,685 all-purpose yards, has reached a one-year deal with the Bears, a source told ESPN."
2020 NFL draft steals - 10 underrated picks who could turn into gems,espn,A prolific edge rusher for Detroit in the third round? A YAC monster for the 49ers in the seventh? Here are 10 productive draft picks who look like steals.
Superman: Man of Tomorrow Movie Voice Cast Revealed - IGN,ign,"Darren Criss, Zachary Quinto and Alexandra Daddario lead the voice cast of Superman: Man of Tomorrow, the next DC animated film. It will arrive this summer on digital, 4K Ultra combo pack, and Blu-ray combo pack."
Mars Horizon - Announcement Trailer - IGN,ign,"Mars Horizon comes to PC, PS4, Xbox One, and Switch later this year, with a Beta launching on Steam on April 27."
5 Reasons There's Hope For An Office Reunion - IGN,ign,"With Space Force in the works, reuniting Greg Daniels and Steve Carell, and a Parks and Recreation ""socially distant"" reunion episode dropping today, we thought it was a good time to round up all the little news nuggets IGN has featured recently about the possibility of an Office reunion. For complete details, check out some of our coverage below!

There's Still Hope for an Office Reunion 'Something,' Says Showrunner
https://www.ign.com/articles/the-office-reunion-episode-peacock-revival-steve-carell-greg-daniels

Steve Carell Reportedly 'Didn't Want To Leave' NBC's The Office After Season 7
https://www.ign.com/articles/steve-carell-reportedly-didnt-want-to-leave-the-office-after-season-7

John Krasinski Responds to Talk of an Office Reboot
https://www.ign.com/articles/2018/04/06/john-krazinski-responds-to-talk-of-an-office-reboot

The Office and West Wing Reboots a Possibility at NBC
https://sea.ign.com/the-office/132759/news/the-office-and-west-wing-reboots-a-possibility-at-nbc

The Office Had a Mini-Reunion on SNL and It Will Make You Want a Reboot
https://www.ign.com/articles/2018/11/18/the-office-had-a-mini-reunion-on-snl-and-it-will-make-you-want-a-reboot"
PS4's Big 2020 Exclusives Shift Release Dates - Beyond Episode 642 - IGN,ign,"On this week's episode of IGN's PlayStation show, Podcast Beyond! host Jonathon Dornbush is joined by Max Scoville, Lucy O'Brien, Tom R. Marks, and a bunch of technical problems!

While we deal with the hurdles of dropped calls and frozen, possibly haunted Discord discussion, we dive into the big moves for PS4's exclusives and their release dates. We break down what The Last of Us 2 and Ghost of Tsushima's new release dates mean for PS4's busy summer, offer our thoughts on The Last of Us 2 leaks (without spoiling anything, and we hope you won't either for those wanting to keep the story fresh), and much more.

Have a Memory Card or That One Thing to share? Write in to beyond@ign.com!"
BPM: Bullets Per Minute Announcement Trailer (Fast-Action Rhythm FPS) - IGN,ign,"If Doom and Rock Band had a baby, it might be BPM: Bullets Per Minute. Take a look at the reveal trailer of this fast-action ""rhythm FPS."""
Daily Deals: 50% Off SNK's NEOGEO Mini International Arcade with 40 Games - IGN,ign,"Includes Metal Slug, King of Fighters, Samurai Showdown, Fatal Fury, and More."
The Best Gaming PC Deals - IGN,ign,Join the PC Master Race.
New Streaming Movies: Netflix vs. the World and Blood Quantum - IGN,ign,Are the new streaming movies Netflix vs. the World and Blood Quantum worth watching? Check out our reviews of the Amazon Prime documentary about Netflix's origins and Shudder's zombie movie set among the indigenous people of Canada.
Familiarize Yourself With Viking History With This Kindle Book Deal - IGN,ign,The Viking Age ran from 793–1066 AD and changed the entirety of Western Europe.
"How this startup built and exited to Twitter in 1,219 days",techcrunch,"By the summer of 2016, Marie Outtier had spent eight years as a consultant advising media agencies and martech companies on marketing growth strategy. Pierre-Jean “PJ” Camillieri started as a music software engineer before joining one of Apple’s consumer electronics divisions. Inspired by Sir…"
Banjo suspends state surveillance contracts after report details founder's white supremacist past,techcrunch,"Following an explosive report about the dark past of its founder and CEO Damien Patton, Utah-based company Banjo is facing a backlash in its own backyard. After revelations of Patton’s former ties to a branch of the KKK came to light, Utah’s Attorney General and the University of Utah f…"
Smart home startup Josh.ai raises $11 million to offer a home assistant alternative to Alexa,techcrunch,"Directly taking on Google and Amazon generally seems to be an ill-advised strategy for a young startup. It’s even more complicated when you’re competing on the home assistants front, a technically-complex, capital-intensive future platform that both tech giants have dumped substantial s…"
Andreessen Horowitz just closed its second crypto fund,techcrunch,"Two years ago, the venture firm Andreessen Horowitz (a16z) took the wraps off a dedicated crypto fund from a subset of its limited partners, who’d provided the firm with $300 million in capital commitments.  Now, the firm says it has closed a second fund in the same vein, this time with $515 millio…"
Cloud Foundry renews its focus on developer experience as it looks beyond the enterprise,techcrunch,"The Cloud Foundry Foundation (CFF) just went through a major leadership change, with executive director Abby Kearns stepping down after five years (and becoming a CTO at Puppet) and the CFF’s CTO Chip Childers stepping into the top leadership role in the organization. For the most part, thoug…"
Here's how Blue Origin's human lander system will carry astronauts to the lunar surface,techcrunch,"Blue Origin was among the companies selected by NASA to develop and build a human lander system for its Artemis missions, which include delivering the next man and first woman to the surface of the Moon in 2024. The Jeff Bezos -founded space company chose to deliver a bid that included a space indu…"
LabCorp slapped with shareholder suit over data breaches,techcrunch,The laboratory giant had two security incidents in as many years.
"During a pandemic, some companies struggle to provide the community they promise",techcrunch,Achieving a sense of community has been the pursuit of businesses trying to attract the experience-over-items millennials and Gen Z who want their consumerism to have a positive impact on the world.
Plantible raises $4.6 million seed round for an egg white replacement that isn't aquafaba,techcrunch,"When California announced a statewide lockdown, Tony Martens and Maurits van de Ven decided to stay put instead of heading home to Amsterdam. So, the co-founders of Plantible bought two trailers and started living at their HQ: a two-acre duckweed farm in San Diego. Plantible uses duckweed, a tiny a…"
"Lyft ends electric scooter operations in Oakland, Austin and San Jose",techcrunch,"Lyft, which just had a massive round of layoffs where 982 people lost their jobs and 288 were furloughed, is also pumping the brakes on its scooter operations in a handful of cities. In an email sent to Oakland riders yesterday, Lyft said scooters would no longer be available, effectively immediate…"
Over 3.8 Million Americans Filed for Jobless Benefits Last Week as States Struggle With Coronavirus Claims Surge,the-wall-street-journal,Archaic technology hamstrings systems for processing benefits; ‘not really acceptable now’
Record Contraction in Eurozone Bodes Ill for Global Economy,the-wall-street-journal,Divergence between the Europe’s north and south signals what could be longer-term stresses
Coronavirus Updates: Restaurant Suppliers See Order Pickup; Mortgage Rates Hit New Low,the-wall-street-journal,"Macy’s chief executive said he hopes to reopen all the company’s roughly 775 stores in six weeks. The Nasdaq Composite is on the cusp of recouping all its losses for the year. Follow along for the latest news and insights on the coronavirus's impact on investors, companies and economies."
Stock Market Surge Isn’t as Crazy as It Seems,the-wall-street-journal,Those who think the market is missing something because it is up so much are misinterpreting what has driven it to those levels
"Coronavirus Pushes Colleges to the Breaking Point, Forcing ‘Hard Choices’ about Education",the-wall-street-journal,Forecasted declines in enrollment and revenue trigger spending cuts and salary freezes; ‘the world order has changed’
"Quibi, Jeffrey Katzenberg’s On-the-Go Streaming Bet, Adjusts to Life on the Couch",the-wall-street-journal,"The short-form video service aimed to appeal to people on the move, but launched in April amid the coronavirus pandemic"
MTA to Shut New York City Subway Between 1 a.m to 5 a.m. During Coronavirus Pandemic,the-wall-street-journal,Closure will allow train cars to be cleaned every 24 hours
Coronavirus Mutations Map the Global Outbreak,the-wall-street-journal,"The pandemic left a genetic trail of clues as it spread, allowing scientists to track the source and path of the virus"
Rising U.K. Death Toll From Coronavirus Draws Scrutiny,the-wall-street-journal,Critics link the high death count to a government delay in imposing a lockdown until March 23
"Meat Companies Want to Reopen, but Officials Fear New Wave of Coronavirus Infections",the-wall-street-journal,"Agricultural officials say President Trump’s executive order, following weeks of plant shutdowns, will safeguard American food security"
Live updates: Fauci confirms ramped-up coronavirus vaccine effort; U.S. unemployment claims rise by 3.8 million,the-washington-post,Grim economic news comes amid a tense debate about when to reopen certain parts of the economy.
"If you’re trying to decide what food to grow yourself, here are 8 places to start",the-washington-post,UNEARTHED | Choose projects that have high success rates and cost less than the store-bought versions.
Biden denies sexually assaulting staff assistant,bbc-news,"The US Democratic candidate says an alleged assault nearly 30 years ago ""never happened""."
Coronavirus updates: One million coronavirus recoveries recorded,bbc-news,The number of people known to have had the virus and recovered passes an encouraging milestone.
What's behind Trump's new strategy on China?,bbc-news,Tensions between US and China are longstanding but the virus and a US election have amplified the war of words.
Baltimore to use planes to patrol city from the sky,bbc-news,"The aerial surveillance programme in Baltimore, Maryland, goes ahead following a court battle."
"Coronavirus: Three continents, four lives, one day",bbc-news,"The stories of people who died on one day, from an exile who returned home to a disaster survivor."
Newspaper wins first round in Meghan privacy case,bbc-news,The Duchess of Sussex is suing for breach of privacy after the Mail on Sunday published a letter.
"'World is too fragile,' says UN secretary general",bbc-news,"António Guterres tells the BBC he has been ""shocked but not surprised"" by the coronavirus response."
Armed lockdown protesters in Michigan statehouse,bbc-news,Several senators reportedly wore bulletproof vests as armed demonstrators looked on from the gallery.
US intelligence debunks manmade coronavirus theory,bbc-news,"US intelligence debunk claims Covid-19 was manmade, but the president suggests it came from a lab."
Social-distancing at airports is 'impossible',bbc-news,"Heathrow Airport boss warns that social-distancing at airports is ""physically impossible""."
Premier League clubs discuss 'tentative moves forward' in plans to resume season,bbc-sport,"Premier League clubs discuss ""the first tentative moves forward"" in plans to resume the 2019-20 season."
Talks begin for Joshua v Fury bout,bbc-sport,A historic fight between Anthony Joshua and Tyson Fury moves a step closer as the parties involved begin talks with interested venues.
Formula 1 to create 'isolated environment',bbc-sport,Formula 1 plans to create an isolated environment for competitors when it starts racing again in July.
Premier League: Who produced the greatest relegation escape?,bbc-sport,We take a look back at who pulled off the Premier League's best survival acts.
Australia replace India at top of world Test rankings,bbc-sport,"Australia return to the top of the Test rankings for the first time in four years, replacing India, who slip to third."
Coronavirus and sport - meetings to discuss sport restart,bbc-sport,Friday's news on how the coronavirus pandemic is affecting sport.
Kiki Bertens on winning virtual Madrid Open WTA title on the PlayStation 4,bbc-sport,Madrid Open virtual champion Kiki Bertens says her hands were hurting because she practised so much before 'defending' her title in a PlayStation battle between the world's leading stars.
Duplantis to pole-vault in 'garden' event,bbc-sport,World record holder Armand Duplantis will take on Sam Kendricks and Renaud Lavillenie in a live-streamed pole vault contest on Sunday.
Can you name every goal of the month winner in Premier League era?,bbc-sport,"There's no football, so why not test yourself and try to name every BBC goal of the month winner in the Premier League era?"
"In quest for vaccine, US makes 'big bet' on company with unproven technology",cnn,"The FDA green-lit Moderna's product for trial, making it the first vaccine candidate to advance to the first phase of a clinical study, in which an as-yet unapproved vaccine is injected into the arms of a small group of 45 human volunteers. Established in 2010, Moderna, has never brought a product to market, or gotten any of its nine or so vaccine candidates approved for use by the FDA. It has also never brought a product to the third and final phase of a clinical trial."
US coronavirus update: Some states have partially reopened - CNN,cnn,The coronavirus pandemic has impacted nearly every facet of American life. Follow here for the latest news.
Stocks close out April with their best monthly gains since 1987 - CNN,cnn,Here's what's moving markets today.
Expert report predicts up to two more years of pandemic misery,cnn,"Covid-19 is not going away, a  new report on the coronavirus pandemic says. The report from CIDRAP predicts 18 months to two more years of Covid-19 cases and deaths."
Here's what Dr. Anthony Fauci is concerned about as states reopen - CNN Video,cnn,CNN's Anderson Cooper and Dr. Sanjay Gupta speak to Dr. Anthony Fauci about his concerns over states starting to reopen amid the coronavirus pandemic.
Biden denies sexual assault allegation: 'This never happened',cnn,"Joe Biden released a statement Friday denying a former aide's claims he sexually assaulted her 27 years ago, saying of Tara Reade's allegation: ""This never happened."""
Tracking Covid-19 cases in the US,cnn,Track the spread of coronavirus in the United States with maps and updates on cases and deaths.
"Michael Jordan was offered $100 million to appear at an event for two hours. He said no, his agent says",cnn,"NBA superstar Michael Jordan may have retired years ago, but his off-court appeal remains as strong as ever."
Canada bans assault-style weapons after its worst ever mass murder,cnn,"Assault-style weapons are banned in Canada effective immediately, the country's prime minister said Friday. The move comes less than two weeks after Canada's deadliest rampage in modern history."
<em>Parks and Recreation</em> creator Mike Schur breaks down the uplifting reunion special,entertainment-weekly,"""What was abundantly clear based on this experience is that the bat signal can go up for this group of people and they will answer the call,"" says Schur of the special, which raises money for Feeding America’s COVID-19 Response Fund."
"This week’s best in late-night: Brad Pitt impersonates Dr. Fauci, Dave Grohl surprises a nurse, and more",entertainment-weekly,"Heather Gardner, host of EW's 'Last Night's Late Night,' shares her favorite moments from the past week and the unexpected joys of these 'safer at home' shows."
<em>The Office</em> boss Greg Daniels built his preferred afterlife with Amazon's <em>Upload</em>,entertainment-weekly,Daniels and stars Robbie Amell and Andy Allo talk to EW about their futuristic new series.
What to Watch this Weekend: <em>Westworld</em> shuts down for now with season 3 finale,entertainment-weekly,"Plus, Ryan Murphy goes 'Hollywood' on Netflix, Greg Daniels' 'Upload' comes online, and 'Rick and Morty' kicks off the back half of season 4."
"Drake drops new mixtape <em>Dark Lane Demo Tapes</em>, announces sixth studio album",entertainment-weekly,The album is set to be released in summer 2020.
<em>Harley Quinn</em> pokes fun at fanboys in exclusive clip,entertainment-weekly,"The new episode of 'Harley Quinn,' which hits the DC Universe platform this Friday, focuses entirely on Batman for a change. In this exclusive clip, the show pokes a little fun at fanboys too."
See <em>True Blood</em>'s Sam Trammell as murder suspect in exclusive trailer for <em>Reckoning</em> on Netflix,entertainment-weekly,A high school girl's death sets off a murder investigation that puts two men (played by Sam Trammell ('True Blood' and Aden Young) at the center. EW has the exclusive trailer for the series premiering on Netflix Friday.
Sources -- Titans declining fifth-year option for Corey Davis,espn,"Corey Davis, who has 142 catches for 1,867 yards and six TDs with the Titans since being drafted No. 5 overall in 2016, will not have his fifth-year option picked up by the team, sources told ESPN."
Sean Payton: Saints beat Panthers to punch for unsung QB late in draft,espn,Sean Payton detailed in an interview with The Athletic how the Saints swooped in and picked quarterback/flex player Tommy Stevens before he had the chance to sign with Carolina as an undrafted free agent.
"Adidas files suit against Brian Bowen II's father, 2 others",espn,"Adidas has filed cross-claims against former five-star recruit Brian Bowen II's father, one of its former grassroots consultants and a financial advisor."
Giannis Antetokounmpo's on 'Last Dance' - Chasing greatness a life mission,espn,"Giannis Antetokounmpo was up until the wee hours Wednesday night asking his Twitter followers, ""What was your biggest takeaway from the Jordan Documentary thus far?"" After receiving 3.9 million comments on the status, he shared his response."
"Sudden vanishing of sports due to coronavirus will cost at least $12 billion, analysis says",espn,"The meltdown is historic, touching every sector of the $100 billion U.S. sports industry and imposing economic losses greater than those in the country's pandemic epicenter, New York City."
Will Ferrell sits in for Greg Olsen on Seahawks' video conference,espn,"With NFL facilities shut down due to the coronavirus pandemic, the Seattle Seahawks are holding video conferences in lieu of in-person meetings that would normally take place at the Virginia Mason Athletic Center."
Ranking the five best in-draft trades of the 2020 NFL draft - Why the Vikings were winners,espn,Which trades generated the most value for one team over the other? Here's how Minnesota came out on top.
Worst Reviewed Movies of 2020 - IGN,ign,"IGN's worst-reviewed movies of 2020 (so far) is an unfortunate list, because nobody sets out to make a bad movie (as far as we know), but sometimes a project just doesn't come together. So let's have a look at the films released (both theatrically and streaming) so far this year that were scored the worst of the worst by IGN's critics.<br><br>

But first, a few notes: IGN rates its movies on a scale of 0-10. All the films cited in this article were or will be released (theatrically or streaming) between January 1st and May 1st. The ""worst reviewed"" movies listed here all scored 5.0 or below. The IGN review scale labels any film scored 5.0 as ""mediocre,"" 4.0 as ""bad,"" 3.0 as ""awful"" and 2.0 as ""painful."""
XCOM 2 Heads Up Humble Choice Bundle for May 2020 - IGN,ign,"Jurassic World Evolution, Warhammer 40,000: Gladius - Relics of War and more available now."
SpongeBob SquarePants: Battle for Bikini Bottom - Rehydrated - Welcome to Downtown Bikini Bottom Trailer - IGN,ign,"Downtown Bikini Bottom: once a bustling metropolis, now, a debris-covered crater. 

Get a look at downtown Bikini Bottom in this latest trailer for the upcoming game, available on June 23, 2020 on PC, Xbox One, Nintendo Switch. and PlayStation 4."
All May Bugs and Fish in Animal Crossing: New Horizons - IGN,ign,See what you can catch this month in Animal Crossing.
The Wonderful 101: Remastered Will Be Released in May - IGN,ign,Non-Kickstarter backers will get the game a little later than those who supported The Wonderful 101's wildly successful crowd-funding campaign.
Arcade Spirits - Launch Trailer - IGN,ign,"Take a look at the trailer for the romantic comedy visual novel, Arcade Spirits, set in 20XX where arcades still reign supreme as the ultimate place to play.

In Arcade Spirits, the player's character starts a new job at the Funplex: a popular local arcade with a team of staff who are as eccentric as the customers. 

Arcade Spirits is available now on PlayStation 4, Xbox One, and Nintendo Switch, as well as PC."
May Day - How to Complete Rover's Maze - Animal Crossing: New Horizons Wiki Guide - IGN,ign,"This ACNH May Day guide features all the details about the event including the date(s), activities, and any new characters, and rewards that are"
"May 2020 Video Game Releases: Minecraft Dungeons, Maneater, and More - IGN",ign,"From Minecraft Dungeons to 2K collections on Switch, these are the biggest games of May 2020"
Bandcamp is waiving fees today in support of artists,techcrunch,"Back in March, Bandcamp announced that it was waiving its share of the revenue for a day, in order to support artists whose livelihood have ground to a screeching halt amid the COVID-19 pandemic. The March 20 event pulled in an impressive $4.3 million for artists, amounting to the biggest sales day…"
"Tesla shares fall on Elon Musk ""stock price too high"" tweet",techcrunch,"Tesla CEO Elon Musk tweeted Friday that the company’s stock price was “too high” in his opinion, immediately sending shares into a free fall and in possible violation of an agreement reached with the U.S. Securities and Exchange Commission last year. Tesla shares fell nearly 12% i…"
"Quarantine creates new opportunities for video makers, according to a Butter Works report",techcrunch,"While global stay-at-home orders have been a blow to most companies, they’ve also created opportunities for businesses helping to keep people entertained. So if you’re a YouTube creator hoping to capture some additional eyeballs while everyone’s stuck at home, online video agency …"
Daily Crunch: iPhone sales decline in Q1,techcrunch,"Apple’s earnings show the impact of COVID-19, NVIDIA’s top scientist shares an open source ventilator design and Amazon anticipates big spending in the coming months. Here’s your Daily Crunch for May 1, 2020. 1. iPhone sales are down, ahead of uncertain times for the industry Appl…"
Watch how SpaceX's first human spacecraft performed during its key in-flight escape test,techcrunch,"SpaceX is getting ready to launch its first-ever spacecraft with humans on board, the Commercial Crew Demo-2 mission (DM-2) that will take-off from Florida on May 27. There are still a couple things remaining to finish up prior to flight, including a final parachute system test that’s happeni…"
Knowde could make billions building the digital marketplace for the $5 trillion chemicals industry,techcrunch,"Ali Amin-Javaheri grew up in the chemicals business. His father had worked for Iran’s state-owned chemical company and when the family fled the country in the nineteen eighties during the Iran-Iraq war, they first settled in Houston where employers welcomed the senior Amin-Jahaveri’s ex…"
"Mark Cuban: 'Raising money isn't an accomplishment, it's an obligation'",techcrunch,"Mark Cuban isn’t impressed that you’ve raised money. “If you think the accomplishment is raising money first, we’re probably not gonna get along,” said Cuban in an Extra Crunch Live interview. “If your orientation is ‘I got to raise the money first,’ …"
"Grenco Science acquires Stündenglass, a contactless water pipe company founded by ex-Apple employee",techcrunch,"Grenco Science just added a new product to its wide-ranging offering of vaporizers and ancillary products. Stündenglass was founded by Tracey Huston and produced a wild-looking water pipe that uses kinetic motion, water, and opposing airflow to create a unique, contactless experience. The exact ter…"
New bill threatens journalists’ ability to protect sources,techcrunch,"Online child exploitation is a horrific crime that requires an effective response, but this bill fails to meet the challenge and creates new problems of its own."
"In spite of pandemic (or maybe because of it), cloud infrastructure revenue soars",techcrunch,"It’s fair to say that even before the impact of COVID-19, companies had begun a steady march to the cloud. Maybe it wasn’t fast enough for AWS, as Andy Jassy made clear in his 2019 Re:invent keynote, but it was happening all the same and the steady revenue increases across the cloud inf…"
America Wants to Reopen From Coronavirus But Disagrees About How,the-wall-street-journal,Wide differences between—and even within—states play out as officials and businesspeople try to balance medical and economic risks
Cruise Ships Set Sail Knowing the Deadly Risk to Passengers and Crew,the-wall-street-journal,A Wall Street Journal investigation found scores of cruise ships that began voyages in early March ferried Covid-19 to the U.S. and ports of call world-wide
"Local, Practical, Apolitical: Inside Germany’s Successful Coronavirus Strategy",the-wall-street-journal,"Nation’s 16 states are unsung heroes of the battle; keeping factories open, health-care system prepared"
Sustainability Was Corporate America’s Buzzword. This Crisis Changes That.,the-wall-street-journal,"From Unilever to Starbucks to GM, corporations pause some social-responsibility programs or put them on the back burner"
"Graduation During Coronavirus: A Little Pomp, Under the Circumstances.",the-wall-street-journal,"Ceremonies at drive-ins, a Jeep parade. High schools get creative for the Class of 2020. ‘We had to come up with something.’"
"As Tele-Counseling During Coronavirus Booms, a Therapist Seeks Respite",the-wall-street-journal,Amy Cirbus balances a surge in demand for teletherapy sessions during the pandemic with being ‘present’ for her kids
"Hong Kong Protesters, Police Clash Again After Lull Brought by Coronavirus",the-wall-street-journal,"As pandemic shows signs of abating, pro-democracy demonstrators seek to revive mass support"
U.S. Probes University of Texas Links to Chinese Lab Scrutinized Over Coronavirus,the-wall-street-journal,"Education Department investigation into foreign financial ties also seeks records of school system’s dealings with Huawei, Zoom CEO"
Facebook Warned That It May Lose a Key Seal of Approval for Ad Measurement,the-wall-street-journal,Media rating council says social-media giant could be denied accreditation
Elon Musk Tweeted That Tesla’s Stock Was Too High. The Market Agreed.,the-wall-street-journal,"Shares of the car maker fall about 9% after CEO comment, but have risen 66% this year"
Live updates: Michigan governor extends stay-at-home order; majority of states ease coronavirus restrictions,the-washington-post,More than half of U.S. governors are relaxing pandemic restrictions while crossing their fingers that the novel coronavirus doesn’t come roaring back.
Carolyn Hax Live,the-washington-post,Advice columnist Carolyn Hax takes your questions and tackles your problems.
"Snacking menus to pair with movie night, a backyard picnic or a fancy night in",the-washington-post,Snack sets for any stay-at-home occasion.
You’ve been working from the couch or the dining table and now you’re in pain. Try these tips.,the-washington-post,"Using laptops at home can hurt our backs, necks, eyes, even our digestive system."
Boris Johnson and Carrie Symonds name baby son,bbc-news,"Carrie Symonds says she ""couldn't be happier"" with their baby boy Wilfred Lawrie Nicholas Johnson."
Canada navy helicopter crash: Five presumed dead,bbc-news,"A Nato helicopter crashed off a Greek island, and the sixth crew member's body has been found."
Kim Jong-un appears in public - state media,bbc-news,"North Korea's Kim Jong-un makes his first public appearance for 20 days, state media report, amid speculation about his health."
US Women's equal pay claim dismissed by judge,bbc-sport,"The US women's football team's bid for equal pay is dismissed by a court, with the judge rejecting the players' claims that they were underpaid."
Rewind: 2017 World Cup final - England v India,bbc-sport,Follow live text and Test Match Special commentary of the 2017 World Cup final between England and India at Lord's.
Bayer Leverkusen confident of Bundesliga resumption in May,bbc-sport,"Bayer Leverkusen are confident the Bundesliga will resume in May, says the club's sporting director Simon Rolfes."
World Rugby election: Sir Bill Beaumont beats Agustin Pichot and is re-elected chairman,bbc-sport,Former England captain Sir Bill Beaumont is re-elected as World Rugby chairman for another four years as he beats Agustin Pichot.
Karina LeBlanc: 'Holding my baby again was better than a World Cup game',bbc-sport,"Karina LeBlanc was forced to self-isolate from her newborn daughter and explains the ""joy"" she felt when she got to hold her again"
"From smoking, drinking & partying to world-title dreams",bbc-sport,"Shannon Courtenay tells BBC Sport how she went from smoking, drinking and partying to world-title ambitions just five years after taking up boxing."
European Road Cycling Champs postponed,bbc-sport,The European Road Cycling Championships in Italy this September are postponed by a year because of the coronavirus pandemic.
Jason Roy: I still have hunger to regain England Test place,bbc-sport,England batsman Jason Roy says he has not given up hope of playing Test cricket again.
Nigel Wood: International Rugby League chief executive to retire at end of 2020,bbc-sport,Nigel Wood is to step down as International Rugby League chief executive at the end of 2020 as he retires after 18 years on the board.
Coronavirus is making some people rethink where they want to live,cnn,The coronavirus pandemic is changing the way we talk about life in big cities. And some experts say it could change who chooses to live in them.
Another wave of coronavirus will likely hit the US in the fall. Here's why and what we can do to stop it,cnn,"The coronavirus pandemic may have slowed down in many parts of the country because of social distancing efforts but don't plan your parties, vacations or trips to the office just yet. Experts say the virus won't be a thing of the past any time soon."
More than half of the country goes into first weekend with loosened coronavirus restrictions,cnn,"For the first time in weeks, residents in some states across the country will be able to return to weekend routines after governors began easing restrictions put in place to combat the coronavirus."
Pandemic experts issue sobering warning about future - CNN Video,cnn,"Pandemic experts John Barry and Marc Lipsitch co-authored a new report predicting that the coronavirus pandemic could last up to two more years. They're warning that things could get ""considerably worse than what we've seen so far."""
This man came home from the hospital to die. His son found a way to keep him alive,cnn,"When Suryakant ""Suri"" Nathwani returned from hospital, the typically reserved 81-year-old grabbed his son's hand and pleaded to be allowed to die at home. ""He said, 'Please promise me one thing: If I'm going to go, I'm going to go here. Do not take me back there,'"" his son said."
Fact check: New White House press secretary makes false claims in first briefing,cnn,"At the first official briefing by a White House press secretary in 417 days, Kayleigh McEnany promised journalists, ""I will never lie to you."" 
McEnany proceeded to say a bunch of things that weren't true."
"HHS says 1,000 coronavirus tests will be available as senators return to DC",cnn,"Health and Human Services Secretary Alex Azar announced that 1,000 coronavirus tests will be available as US senators and staff return to Capitol Hill on Monday, after the Capitol physician earlier said testing for members would be limited."
<em>Scrubs</em> and <em>Cougar Town</em> actor Sam Lloyd dies at 56,entertainment-weekly,'Scrubs' and 'Cougar Town' actor Sam Lloyd has died after being diagnosed with cancer in 2019.
"Christopher Meloni to return for <em>Law & Order: SVU</em> season 22 premiere, showrunner says",entertainment-weekly,"Christopher Meloni will return to 'Law and Order: SVU' as Elliot Stabler in the season 22 premiere, according to showrunner Warren Leight."
"Friday Five: French Montana's 'Cold,' Thom Yorke's basement piano serenade, and more",entertainment-weekly,The five best songs we heard this week.
"Here's everyone who showed up in the <em>Parks and Recreation</em> reunion, and what they're up to",entertainment-weekly,"'Parks and Recreation' fans already knew where Leslie Knope and company end up in 2065, but the special reunion episode revealed what everyone is up to under quarantine in 2020."
"NFL set to release full 17-week schedule next week, league spokesman says",espn,"The NFL will release its 2020 schedule late next week without any major changes, league spokesman Brian McCarthy confirmed -- including a Sept. 10 opener, the Super Bowl on Feb. 7 and visions of fans in the stands."
"General managers concerned older coaches, staff could be exposed if NBA resumes play",espn,"While the NBA continues to mull a resumption of play, general managers are concerned about the coaches and team staffers who might be at high risk if they are exposed to the coronavirus."
Judge sides with U.S. Soccer in USWNT's equal pay lawsuit,espn,"A federal judge said members of the U.S. women's national soccer team did not demonstrate a ""triable issue"" that they were paid less than players on the men's team."
QB Kellen Mond -- Texas A&M on verge of being elite in 2020,espn,Texas A&M quarterback Kellen Mond believes the Aggies have the makings of a special team in 2020 and could make the kind of leap that LSU did last season.
"Bill Belichick, Joe Burrow favorites for top coach, rookie awards",espn,"Caesars Sportsbook has opened the Pats' Bill Belichick as a 7-1 favorite to win Coach of the Year, while No. 1 pick Joe Burrow is favored at 3-1 to win Rookie of the Year."
"Tennessee QB Brian Maurer planned suicide in January, seeking treatment",espn,"Tennessee QB Brian Maurer, who says he has struggled with depression and anxiety since the seventh grade, shared that he had planned to kill himself earlier this year. He told ESPN that he decided to share his story to help others battling depression."
Inside Xbox May 2020: Where to Watch the First-Look at Xbox Series X Games - IGN,ign,"Don’t miss the first-look at Xbox Series X gameplay during the Inside Xbox May 2020 event by tuning in with us before, during, and after the livestream."
Netflix's Extraction - Ending Explained - IGN,ign,"Netflix's new movie, Extraction is jam-packed with all kinds of action-hero goodness, and IGN was lucky enough to host another episode of Watch From Home Theater with the star of the film, Chris Hemsworth, writer/director Joe Russo, and the director of the movie, Sam Hargrave, where they were kind enough to give us some insight into the ending of the film and explained just what it all may or may not have meant."
Xbox Series X List of Games - Rumored and Confirmed - Xbox Series X Wiki Guide - IGN,ign,"The Xbox Series X touts a lot of power to support bigger games than its predecessor. Previously known as Project Scarlett, Xbox Series X has more games"
The Best Viking Games to Prepare You For Assassin's Creed Valhalla - IGN,ign,"In preparation for Assassin's Creed Valhalla, these are the six best Viking video games you can play."
The Best Dell Deals: Extra 10% Off Alienware Gaming Laptops and PCs Coupon Code - IGN,ign,2020 brings fresh new Dell and Alienware deals.
Best Nintendo Switch Case 2020: Keep Your Switch Safe and Sound - IGN,ign,"The world can be a scary place for an unprotected Nintendo Switch, so protect your portable console with one of the best cases."
Metal Gear Solid's David Hayter Has a New VR Sneaking Mission - IGN,ign,"Phantom: Covert Ops is a new tactical espionage VR stealth game coming to Oculus devices on June 25th, and it features the voice talent of David Hayter, the original Solid Snake/Big Boss. However, Hayter won't be playing the hero this time around. We spoke to him about his new role as General Zhurov, his thoughts on a Metal Gear Solid remake, X-Men in the Marvel Cinematic Universe, his unproduced Black Widow movie, HBO's Watchmen series, and what he's binging during quarantine."
How to Get the Missable Bladed Staff - Final Fantasy 7 Remake Wiki Guide - IGN,ign,The Bladed Staff is a very easily miss-able weapon of Aerith&apos;s in FF7 Remake. This page describes how to get the Bladed Staff and why you would want it in
"This Week in Apps: Zoom gets busted, TikTok's new record, contact tracing API launches",techcrunch,"This week we continue to look at how the coronavirus outbreak is impacting the world of apps, plus the use of live-streaming apps as fundraising tools and more."
"Equity Shot: 1% is the new ""growth""",techcrunch,"Happy Saturday and welcome back to an Equity Shot, a short-form episode of Equity where we drill into one particular topic. There was so much news this week in our main areas of focus — startup funding rounds, new venture funds, that sort of thing — that we had to exclude earnings from …"
"Namely, a former high flier, slashes staff as demand for its HR software dries up in the pandemic",techcrunch,"Namely, an eight-and-a-half-year-old, New York-based company that sells payroll, talent management and other HR services to mid-size businesses across the U.S. via subscription software, has let go of upwards of 40 percent of its employees. The cuts are across the board, from high-ranking staffers,…"
Otonomo raises $46 million to expand its automotive data marketplace,techcrunch,"New vehicles today can produce a treasure trove of data. Without the proper tools, that data will sit undisturbed, rendering it worthless. A number of companies have sprung up to help automakers manage and use data generated from connected cars. Israeli startup Otonomo is one such player that jumpe…"
Introducing the term-sheet grader,techcrunch,"What to do if your term sheet has too many tough terms, and which are the ones to focus on?"
Valve drops VR support for macOS,techcrunch,Valve is calling it quits on macOS support for its virtual reality platform. A Valve employee posted an update to the company’s SteamVR forums noting that “SteamVR has ended macOS support so our team can focus on Windows and Linux.” Apple introduced “Metal for VR” back…
Indian education startup Byju's is fundraising at a $10B valuation,techcrunch,"Byju’s, an education learning startup in India that has seen a surge in its popularity in recent weeks amid the coronavirus outbreak, is in talks to raise as much as $400 million at a $10 billion valuation, said three people familiar with the matter. The additional capital would be part of the Bang…"
"As COVID-19 dries up funding, only drought-resistant cannabis startups will survive",techcrunch,"The COVID-19 crisis is creating an untold amount of uncertainty through every business sector, but for cannabis startups, it’s exacerbating a critical market that was already in decline. TechCrunch spoke to Schwazze CEO Justin Dye following his company’s recent rebrand. He joined the co…"
Powerful House committee demands Jeff Bezos testify after 'misleading' statements,techcrunch,"Amazon is in hot water with a powerful congressional committee interested in the company’s potentially anticompetitive business practices. In a bipartisan letter sent Friday to Jeff Bezos, the House Judiciary committee demanded that the Amazon CEO explain discrepancies between his own prior s…"
An already struggling smartphone market takes a big hit from COVID-19,techcrunch,"Quarter after quarter, familiar stories have appeared. The smartphone market, once seemingly bulletproof, has suffered. The list of factors is long, and I’ve written about them ad nauseam here, but the CliffsNotes version is: costs are too high, innovation is too incremental and most people already…"
Warren Buffett’s Berkshire Hathaway Reports $49.7 Billion Loss in First Quarter,the-wall-street-journal,The selloff in markets hit the company’s vast investments
Putting Everything on the Table: A Cleveland Restaurateur Plots a Way Forward,the-wall-street-journal,"Ben Bebenroth had a restaurant, a catering business and a farm focused on local food. Now he is reimagining every aspect of his operation to
		
			
		
	survive in the pandemic’s aftermath."
Coronavirus Masks Are the New Concert T-shirts for Bands,the-wall-street-journal,"Merchandise companies, wounded by canceled tours, are churning out souvenir face coverings for Dave Matthews and Billie Eilish fans"
It’s the 50th Anniversary of Humanity’s Favorite Activity: Staring at an LCD,the-wall-street-journal,"Americans invented liquid crystal displays but couldn’t capitalize on them. On the technology’s golden jubilee, it’s time to reflect on the value of R&D."
WSJ Crossword: The In Crowd,the-wall-street-journal,
"Tips for Training Your Dog Via Zoom: Sit, Stay, Don’t Lick the Screen",the-wall-street-journal,"Richard Fischhof proves you can teach old dogs—and young coronavirus puppies—new tricks. Yes, even man’s best friend can learn to social distance"
"As Museums and Galleries Reopen, Visitors Face New Rules",the-wall-street-journal,Institutions emerging from the coronavirus lockdown are reconfiguring spaces to keep employees and the public safe
Build Your Own Supercar...on Your Coffee Table,the-wall-street-journal,"Dan Neil has driven the doors off a Bugatti Chiron supercar. But can he assemble a 3,599-piece Lego Technic version? He taps into his own inner 12-year-old to write this week’s column"
"From Comic-Con to Cannes, Pandemic-Hit Events Look for Ways to Convene",the-wall-street-journal,"Organizers of business conferences, auto shows and popular festivals decide whether to cancel, go digital or go ahead—with caution"
"NBCUniversal Weighs Significant Layoffs at Media, Entertainment Units",the-wall-street-journal,CEO Jeff Shell says company is trying ‘pretty aggressively’ to cut costs
Boom-and-bust federal funding after 9/11 undercut hospitals’ preparedness for pandemics,the-washington-post,"Federal spending to ready hospitals for health emergencies is a fraction of what has been spent on overall preparedness for bioterrorism, pandemics and other health hazards."
Live updates: City repeals coronavirus mask  requirement after threats; Buffett’s Berkshire Hathaway reports nearly $50 billion loss amid pandemic,the-washington-post,"The White House is blocking Anthony S. Fauci, the nation’s top infectious-disease expert, from testifying before a House subcommittee investigating the coronavirus outbreak and response, arguing that it would be “counterproductive” for him to appear."
Maps new and old offer shelter-in-place globe-trotting — and lessons in human history,the-washington-post,"If you can’t travel, those folded-up guides hold a host of memories waiting to be rekindled."
Six fun party games you can play over a Zoom call,the-washington-post,Forget the sourdough starter. Let's play some games.
Hafthor Bjornsson breaks world record with 501 kilogram deadlift,espn,"Hafthor Bjornsson set a world record in the deadlift on Saturday, hoisting 501 kilograms (1104.52 pounds)."
